靡ㄩ絏,るら,Μ絃基(じ),Θユ秖(),Θユ(じ),戈禦芥禬カ(κ窾),磕戈緇肂(じ),磕ㄩ緇肂(じ)
Y9999 舦计,2026/9/18,"47,180.75","12,052,158","1,142,321,910","83,855.60","594,039,480","24,364,725.04"
Y9999 舦计,2026/9/17,"46,288","10,710,347","866,619,179","11,683.98","589,397,267","23,227,251.04"
Y9999 舦计,2026/9/16,"45,848.90","8,352,607","675,969,528","-13,124.82","586,168,547","22,054,549.71"
Y9999 舦计,2026/9/15,"45,511.49","8,228,715","634,706,804","-50,071.93","582,240,465","22,354,081.51"
Y9999 舦计,2026/9/14,"45,862.52","8,822,022","665,316,266","-27,077.66","583,877,609","22,721,012.85"
Y9999 舦计,2026/9/11,"46,184.85","10,111,607","762,245,189","-76,935.58","587,871,180","22,585,591.28"
Y9999 舦计,2026/9/10,"46,940.49","8,675,764","750,742,811","-35,802.81","591,897,687","23,476,491"
Y9999 舦计,2026/9/9,"47,183.36","9,258,080","815,976,678","18,040.19","587,166,811","23,645,437.14"
Y9999 舦计,2026/9/8,"47,105.78","9,521,469","922,658,079","11,522.36","586,266,976","23,912,352.33"
Y9999 舦计,2026/9/7,"47,326.27","11,024,654","997,944,843","80,036.90","588,271,579","23,977,559.81"
Y9999 舦计,2026/9/4,"46,551.13","9,267,046","858,244,966","49,744.80","581,894,588","24,123,937.79"
Y9999 舦计,2026/9/3,"45,857.66","11,201,667","993,261,606","-40,412.19","578,739,307","26,672,304.25"
Y9999 舦计,2026/9/2,"46,164.72","10,824,863","976,499,979","-81,181.04","585,675,285","24,246,313.61"
Y9999 舦计,2026/9/1,"46,948.72","13,000,849","1,187,571,567","4,752.56","578,115,458","21,520,003.62"
Y9999 舦计,2026/8/31,"46,128.47","13,539,824","1,289,228,143","-10,667.69","569,876,903","23,736,348.68"
Y9999 舦计,2026/8/28,"46,331.45","11,093,847","1,068,985,392","30,477.50","567,177,536","21,738,461.68"
Y9999 舦计,2026/8/27,"45,975.22","10,576,672","967,466,055","44,936.91","559,918,784","20,878,487.82"
Y9999 舦计,2026/8/26,"45,832.62","9,809,666","843,092,483","30,708.37","554,802,585","19,939,094.51"
Y9999 舦计,2026/8/25,"45,169.46","8,831,346","724,258,445","4,913.18","546,937,698","17,948,583.86"
Y9999 舦计,2026/8/24,"44,762.32","8,082,548","656,280,679","-11,146.76","545,259,587","18,786,436.36"
Y9999 舦计,2026/8/21,"45,224.29","8,208,832","754,905,335","29,157.77","546,939,324","18,794,098.73"
Y9999 舦计,2026/8/20,"44,933.74","9,068,926","834,412,514","10,253.41","548,407,734","18,545,401.08"
Y9999 舦计,2026/8/19,"44,719.35","10,230,116","890,269,743","-36,890.23","548,190,238","17,399,269.17"
Y9999 舦计,2026/8/18,"45,308.68","10,333,808","1,007,881,760","-10,243.88","547,011,854","19,410,072.62"
Y9999 舦计,2026/8/17,"45,857.27","10,616,088","981,055,134","41,056.60","550,101,672","19,945,196.73"
Y9999 舦计,2026/8/14,"45,811.01","11,975,502","1,109,746,702","35,170.47","547,059,318","20,387,603.32"
Y9999 舦计,2026/8/13,"46,021.48","11,492,166","1,104,024,642","66,541.53","549,780,654","20,671,040.09"
Y9999 舦计,2026/8/12,"45,518.07","9,972,596","892,659,784","6,693.52","548,083,912","19,488,663.31"
Y9999 舦计,2026/8/11,"45,120.72","9,740,372","902,052,207","20,498.68","544,151,977","19,470,554.04"
Y9999 舦计,2026/8/10,"44,928.76","10,238,975","880,440,723","48,769.61","545,295,561","19,437,671.76"
Y9999 舦计,2026/8/7,"44,225.91","9,376,069","850,815,189","-33,814.31","537,664,510","17,915,038.07"
Y9999 舦计,2026/8/6,"44,396.70","10,650,583","974,054,973","4,332.55","532,804,981","17,998,313.73"
Y9999 舦计,2026/8/5,"44,611.60","13,207,451","1,200,212,510","70,035.11","523,492,321","18,397,182.65"
Y9999 舦计,2026/8/4,"43,360.66","11,340,636","1,087,045,875","-10,840.23","521,134,665","16,726,073.92"
Y9999 舦计,2026/8/3,"43,386.41","11,427,047","885,506,043","-31,026.77","514,755,353","14,955,143.56"
Y9999 舦计,2026/7/31,"43,119.75","13,813,496","887,732,405","26,556.76","507,462,771","13,632,116.59"
Y9999 舦计,2026/7/30,"39,933.30","13,692,579","1,146,937,829","-40,121.60","493,865,783","13,445,072.99"
Y9999 舦计,2026/7/29,"40,039.18","17,045,019","1,149,185,294","-3,508.09","507,010,017","15,069,011.02"
Y9999 舦计,2026/7/28,"41,603.36","12,544,360","872,574,999","-59,596.23","545,533,645","17,525,855.28"
Y9999 舦计,2026/7/27,"43,634.19","8,980,078","747,647,200","8,484.51","568,663,408","12,289,570.48"
Y9999 舦计,2026/7/24,"43,654.84","9,573,393","827,129,512","-51,410.55","577,059,338","15,616,941.08"
Y9999 舦计,2026/7/23,"44,850.81","9,701,104","930,612,067","5,689.70","582,626,349","16,349,060.38"
Y9999 舦计,2026/7/22,"44,825.78","11,296,458","1,025,958,396","5,326.90","582,823,676","15,694,671.70"
Y9999 舦计,2026/7/21,"44,232.87","10,050,212","866,251,695","-8,801.87","576,496,212","13,184,133.29"
Y9999 舦计,2026/7/20,"42,449.70","12,566,601","1,041,457,434","3,631.61","569,035,380","11,827,365.06"
Y9999 舦计,2026/7/17,"42,671.27","18,244,071","1,333,156,652","-142,823.20","587,963,142","17,240,648.78"
Y9999 舦计,2026/7/16,"45,624.98","10,374,680","933,180,942","-41,872.12","615,575,992","13,870,793.91"
Y9999 舦计,2026/7/15,"45,631.59","10,421,924","1,024,385,500","-11,504.35","615,388,784","13,388,315.69"
Y9999 舦计,2026/7/14,"44,737.95","15,548,656","1,245,206,538","-31,071.15","604,033,934","12,427,055.23"
Y9999 舦计,2026/7/13,"45,380.52","11,168,410","1,067,662,107","-9,592.38","618,300,058","13,979,524.29"
Y9999 舦计,2026/7/9,"45,354.61","10,483,502","996,789,429","-48,273.80","619,648,244","13,914,516.79"
Y9999 舦计,2026/7/8,"45,734.41","11,331,191","1,004,560,446","-32,022.36","613,815,722","13,005,504.40"
Y9999 舦计,2026/7/7,"45,479.11","15,447,467","1,228,119,421","-34,508.38","610,945,242","14,417,127.92"
Y9999 舦计,2026/7/6,"46,556.39","12,910,602","1,064,431,906","-19,627.84","631,344,856","14,420,390.21"
Y9999 舦计,2026/7/3,"46,780.62","12,189,040","1,078,028,137","-75,540.18","630,817,367","14,506,044.44"
Y9999 舦计,2026/7/2,"46,744.16","11,740,053","1,083,583,417","-79,509.85","620,837,289","15,006,165.88"
Y9999 舦计,2026/7/1,"47,018.99","14,683,404","1,367,817,795","24,024.84","609,502,407","15,575,059.73"
Y9999 舦计,2026/6/30,"46,125.91","13,140,347","1,266,062,228","-15,671.77","611,652,207","15,614,679.02"
Y9999 舦计,2026/6/29,"44,999.90","11,210,546","1,045,439,448","-2,816.80","594,229,687","16,095,081.52"
Y9999 舦计,2026/6/26,"44,571.76","16,709,688","1,672,832,488","-108,102.90","590,926,517","16,866,511.16"
Y9999 舦计,2026/6/25,"46,255.26","13,456,150","1,368,076,901","-40,182.05","611,000,560","16,800,703.71"
Y9999 舦计,2026/6/24,"46,043.60","16,786,237","1,539,046,268","-151,109.35","607,456,271","16,308,493.17"
Y9999 舦计,2026/6/23,"47,100.65","16,666,417","1,672,355,337","-30,186.92","593,930,024","18,006,035.26"
Y9999 舦计,2026/6/22,"47,741.51","15,727,229","1,515,817,959","63,818.06","605,041,986","18,786,591.28"
Y9999 舦计,2026/6/18,"46,465.20","16,336,544","1,606,195,402","5,537.02","593,046,092","18,014,608.10"
Y9999 舦计,2026/6/17,"45,877.39","12,227,191","1,154,595,951","-23,706.10","584,760,128","16,244,967.71"
Y9999 舦计,2026/6/16,"45,809.19","12,388,176","1,262,185,518","35,338.30","571,307,649","16,121,648.67"
Y9999 舦计,2026/6/15,"45,396.99","12,695,045","1,115,744,351","33,512.39","571,904,853","15,737,931.69"
Y9999 舦计,2026/6/12,"44,169.04","12,336,471","1,169,186,958","20,709.80","557,027,949","15,895,682.97"
Y9999 舦计,2026/6/11,"43,149.46","14,433,302","1,338,516,691","-24,317.68","549,176,982","14,576,119.63"
Y9999 舦计,2026/6/10,"43,225.54","15,773,244","1,424,069,567","-75,466.69","546,812,469","15,626,741.75"
Y9999 舦计,2026/6/9,"44,704.44","14,106,451","1,224,062,987","-92,796.73","563,876,896","15,220,696.51"
Y9999 舦计,2026/6/8,"43,502.78","14,641,525","1,216,574,603","-79,897.95","551,012,201","14,834,687.35"
Y9999 舦计,2026/6/5,"45,070.94","16,019,783","1,319,821,926","-66,889.67","566,648,874","17,363,948.70"
Y9999 舦计,2026/6/4,"45,677.46","16,812,445","1,325,597,743","-62,808.35","572,635,489","19,882,045.87"
Y9999 舦计,2026/6/3,"46,459.16","18,516,900","1,517,535,663","39,531.96","568,395,179","21,100,524.33"
Y9999 舦计,2026/6/2,"45,557.31","19,264,949","1,696,398,095","21,790.89","566,968,920","21,381,822.63"
Y9999 舦计,2026/6/1,"45,337.91","17,539,429","1,611,133,989","35,392.77","565,779,103","22,405,122.15"
Y9999 舦计,2026/5/29,"44,732.94","19,561,019","1,916,952,445","73,783.31","556,360,306","21,739,253.66"
Y9999 舦计,2026/5/28,"43,636.44","19,686,100","1,670,718,874","-21,293.86","535,025,764","21,492,454.64"
Y9999 舦计,2026/5/27,"44,256.80","18,565,348","1,630,077,580","30,751.44","536,269,185","22,202,754.89"
Y9999 舦计,2026/5/26,"43,525.37","17,964,690","1,549,710,749","38,596.42","534,592,732","22,381,678.71"
Y9999 舦计,2026/5/25,"43,644.40","16,726,165","1,352,710,348","35,017.40","530,476,074","22,862,998.55"
Y9999 舦计,2026/5/22,"42,267.97","14,518,650","1,236,888,820","64,911.08","522,289,851","21,054,163.85"
Y9999 舦计,2026/5/21,"41,368.21","12,662,318","1,047,623,792","53,243.06","511,154,475","19,725,042.45"
Y9999 舦计,2026/5/20,"40,020.82","11,825,319","1,027,552,700","-45,284.20","502,079,489","17,510,054.69"
Y9999 舦计,2026/5/19,"40,175.56","13,603,142","1,151,219,413","-50,806.70","496,886,917","18,969,606.47"
Y9999 舦计,2026/5/18,"40,891.82","13,753,749","1,042,046,645","-43,079.30","501,619,604","18,456,491.70"
Y9999 舦计,2026/5/15,"41,172.36","17,355,987","1,374,865,492","2,932.57","492,797,137","19,159,527.91"
Y9999 舦计,2026/5/14,"41,751.75","14,422,244","1,275,384,785","4,237.09","499,134,883","19,419,280.99"
Y9999 舦计,2026/5/13,"41,374.50","18,632,210","1,265,792,083","-23,490.33","494,418,035","19,968,674.72"
Y9999 舦计,2026/5/12,"41,898.32","19,487,297","1,446,228,503","-21,853.66","491,194,846","19,859,499.33"
Y9999 舦计,2026/5/11,"41,790.06","13,141,091","1,170,487,539","-13,985.73","484,592,746","19,769,054.37"
Y9999 舦计,2026/5/8,"41,603.94","15,497,124","1,305,390,328","-4,601.55","477,184,758","18,688,010.81"
Y9999 舦计,2026/5/7,"41,933.78","15,231,110","1,246,902,674","36,308.66","482,664,170","19,886,239.74"
Y9999 舦计,2026/5/6,"41,138.85","16,678,201","1,524,012,557","84,119.60","475,648,471","20,182,603.52"
Y9999 舦计,2026/5/5,"40,769.29","12,853,494","1,049,334,722","11,513.81","475,145,292","20,130,778.36"
Y9999 舦计,2026/5/4,"40,705.14","12,395,796","1,051,315,643","54,252.47","470,389,635","19,107,801.95"
Y9999 舦计,2026/4/30,"38,926.63","11,446,952","1,074,901,891","-52,476.59","460,905,599","17,768,730.40"
Y9999 舦计,2026/4/29,"39,303.50","10,197,192","915,272,695","-46,787.32","460,974,804","17,732,286.43"
Y9999 舦计,2026/4/28,"39,521.73","10,641,033","1,057,488,155","-36,955.22","457,112,797","17,630,499.37"
Y9999 舦计,2026/4/27,"39,616.63","14,212,315","1,248,027,623","-43,922.24","452,044,394","16,879,757.65"
Y9999 舦计,2026/4/24,"38,932.40","12,886,151","1,081,153,827","39,005.02","440,907,083","16,651,283.37"
Y9999 舦计,2026/4/23,"37,714.15","18,953,441","1,460,103,003",448.69,"430,825,725","15,892,101.07"
Y9999 舦计,2026/4/22,"37,878.47","13,042,520","979,876,044","11,396.91","438,545,241","17,595,525.99"
Y9999 舦计,2026/4/21,"37,605.11","13,267,924","1,021,704,705","56,449.67","433,163,894","16,381,049.18"
Y9999 舦计,2026/4/20,"36,958.80","13,563,808","960,963,966","3,908.35","429,829,952","15,755,357.24"
Y9999 舦计,2026/4/17,"36,804.34","13,629,149","985,525,733",721.14,"427,120,788","15,119,351.09"
Y9999 舦计,2026/4/16,"37,132.02","13,029,813","927,314,900","38,364.65","422,408,742","14,637,578.98"
Y9999 舦计,2026/4/15,"36,722.14","13,942,183","1,025,905,609","49,196.74","416,253,786","13,821,973.03"
Y9999 舦计,2026/4/14,"36,296.12","13,673,749","1,017,277,556","61,777.26","414,988,177","14,004,003.66"
Y9999 舦计,2026/4/13,"35,457.29","10,803,404","805,701,457","-19,091.47","408,651,307","12,881,388.14"
Y9999 舦计,2026/4/10,"35,417.83","12,583,637","871,808,149","20,546.56","401,240,705","11,855,510.88"
Y9999 舦计,2026/4/9,"34,861.16","11,946,350","872,275,954","25,910.70","396,518,141","11,025,549.81"
Y9999 舦计,2026/4/8,"34,761.38","12,873,431","894,100,450","97,071.22","395,333,852","9,641,547.76"
Y9999 舦计,2026/4/7,"33,229.82","8,303,716","584,692,254","7,050.06","387,734,358","8,770,898.73"
Y9999 舦计,2026/4/2,"32,572.43","10,200,475","702,608,705","-32,393.43","384,200,709","7,675,956.94"
Y9999 舦计,2026/4/1,"33,174.82","9,341,757","652,608,970","19,016.22","385,907,934","8,099,720.79"
Y9999 舦计,2026/3/31,"31,722.99","12,232,062","882,453,969","-68,433.19","381,724,855","7,945,958.98"
Y9999 舦计,2026/3/30,"32,518.16","9,871,214","678,152,191","-55,720.61","392,708,634","8,457,717.76"
Y9999 舦计,2026/3/27,"33,112.59","9,442,000","658,273,529","-31,999.41","393,722,769","8,437,215.25"
Y9999 舦计,2026/3/26,"33,337.62","9,461,269","766,599,119","-4,858.68","391,136,469","8,252,320.58"
Y9999 舦计,2026/3/25,"33,439.11","8,730,340","652,340,765","33,397.88","395,499,024","7,520,923.80"
Y9999 舦计,2026/3/24,"32,612.24","9,933,946","690,091,065","-8,166.37","390,102,627","6,780,370.89"
Y9999 舦计,2026/3/23,"32,722.50","11,584,224","712,578,117","-71,944.60","393,333,759","6,863,916.43"
Y9999 舦计,2026/3/20,"33,543.88","12,643,136","1,004,234,872","-35,511.27","398,591,068","10,738,143.35"
Y9999 舦计,2026/3/19,"33,689.68","11,805,573","893,918,756","-80,504.54","402,095,986","14,079,184.09"
Y9999 舦计,2026/3/18,"34,348.58","11,967,644","924,101,194","8,077.58","399,772,079","15,952,089.52"
Y9999 舦计,2026/3/17,"33,836.57","11,052,069","846,176,534","2,516.81","393,467,032","16,788,836.33"
Y9999 舦计,2026/3/16,"33,342.51","11,002,126","755,420,348","-37,817.06","392,284,076","17,015,003.37"
Y9999 舦计,2026/3/13,"33,400.32","11,310,370","752,682,671","-52,545.58","385,446,747","18,011,767.24"
Y9999 舦计,2026/3/12,"33,581.86","12,188,897","784,007,384","-61,473.07","379,366,977","19,098,808.68"
Y9999 舦计,2026/3/11,"34,114.19","10,994,809","693,435,834","34,979.15","376,147,937","19,635,582.79"
Y9999 舦计,2026/3/10,"32,771.87","11,467,681","728,225,719","-23,786.96","368,236,327","18,145,508.07"
Y9999 舦计,2026/3/9,"32,110.42","14,457,276","868,304,737","-104,259.64","371,960,474","17,897,608.46"
Y9999 舦计,2026/3/6,"33,599.54","10,206,581","655,472,934","-28,466.47","382,683,585","21,109,004.16"
Y9999 舦计,2026/3/5,"33,672.94","11,784,121","793,545,602","-42,451.01","379,166,583","22,049,380.25"
Y9999 舦计,2026/3/4,"32,828.88","17,027,132","1,099,338,575","-77,187.33","376,616,368","20,869,794.24"
Y9999 舦计,2026/3/3,"34,323.65","16,527,604","1,113,233,319","-71,110.03","384,358,090","26,069,260.69"
Y9999 舦计,2026/3/2,"35,095.09","14,965,963","1,014,040,137","-25,932.42","391,522,964","28,269,923.27"
Y9999 舦计,2026/2/26,"35,414.49","15,667,310","1,207,836,722","-9,853.50","389,861,168","29,300,461.56"
Y9999 舦计,2026/2/25,"35,413.07","15,806,158","1,020,570,870","44,235.76","383,126,958","28,095,576.66"
Y9999 舦计,2026/2/24,"34,700.82","13,165,035","861,808,912","62,990.25","377,495,245","28,375,460.71"
Y9999 舦计,2026/2/23,"33,773.26","13,167,078","949,992,767","12,863.32","372,155,937","25,455,750.68"
Y9999 舦计,2026/2/11,"33,605.71","9,640,426","699,292,298","46,978.18","367,498,071","24,207,342.77"
Y9999 舦计,2026/2/10,"33,072.97","8,544,963","678,490,714","49,543.22","372,586,397","24,089,412.21"
Y9999 舦计,2026/2/9,"32,404.62","9,406,563","653,957,736","16,090.82","375,470,000","24,361,043.96"
Y9999 舦计,2026/2/6,"31,782.92","10,552,234","700,313,173","-4,510.80","373,990,690","23,929,953.60"
Y9999 舦计,2026/2/5,"31,801.27","11,186,277","715,168,705","-64,931.16","382,917,735","25,871,839.84"
Y9999 舦计,2026/2/4,"32,289.81","10,160,254","704,644,032","12,241.81","384,045,976","27,426,351"
Y9999 舦计,2026/2/3,"32,195.36","11,518,844","821,574,120","6,948.97","382,125,198","26,210,728.16"
Y9999 舦计,2026/2/2,"31,624.03","11,735,154","771,419,543","-39,081.88","378,848,321","27,314,591.09"
Y9999 舦计,2026/1/30,"32,063.75","13,417,799","941,320,964","-44,464.19","383,893,233","28,263,249.98"
Y9999 舦计,2026/1/29,"32,536.27","13,552,952","959,652,045","18,118.14","381,778,070","30,039,875.52"
Y9999 舦计,2026/1/28,"32,803.82","12,947,973","853,922,428","31,690.11","384,920,473","30,541,396.34"
Y9999 舦计,2026/1/27,"32,317.92","12,767,369","817,604,546","18,076.47","382,728,165","29,868,209.61"
Y9999 舦计,2026/1/26,"32,064.52","11,574,650","747,339,306","-1,755.56","381,580,658","30,182,960.17"
Y9999 舦计,2026/1/23,"31,961.51","12,103,342","818,428,930","22,324.08","376,076,978","29,320,371.68"
Y9999 舦计,2026/1/22,"31,746.08","13,104,288","814,595,841","17,538","371,734,424","29,814,362.64"
Y9999 舦计,2026/1/21,"31,246.37","14,446,040","899,309,076","-39,795.29","367,745,249","28,705,380.34"
Y9999 舦计,2026/1/20,"31,759.99","13,170,800","799,639,371","-1,092.49","371,225,738","29,716,387.22"
Y9999 舦计,2026/1/19,"31,639.29","13,668,186","823,428,003","-25,786.35","369,415,656","30,567,589.50"
Y9999 舦计,2026/1/16,"31,408.70","12,754,630","851,452,408","37,627.40","363,391,797","30,425,457.58"
Y9999 舦计,2026/1/15,"30,810.58","11,502,671","671,953,720",357.14,"359,299,228","30,221,089.52"
Y9999 舦计,2026/1/14,"30,941.78","11,337,766","681,983,353","11,576.59","358,452,806","29,651,179.26"
Y9999 舦计,2026/1/13,"30,707.22","12,095,287","749,179,436","13,737.73","355,638,826","29,078,956.96"
Y9999 舦计,2026/1/12,"30,567.29","10,706,885","626,408,176","-12,506.69","356,490,039","28,491,763.91"
Y9999 舦计,2026/1/9,"30,288.96","11,350,115","704,371,387","-7,038.12","351,492,592","27,807,586.99"
Y9999 舦计,2026/1/8,"30,360.55","13,237,635","759,270,755","-1,847.20","352,387,651","30,502,634.65"
Y9999 舦计,2026/1/7,"30,435.47","14,251,362","881,736,707","-32,098.73","357,058,834","30,295,288.10"
Y9999 舦计,2026/1/6,"30,576.30","12,040,596","763,236,739",932.39,"354,550,416","30,110,561.97"
Y9999 舦计,2026/1/5,"30,105.04","12,257,092","800,793,653","-8,426.60","350,948,272","28,256,719.09"
Y9999 舦计,2026/1/2,"29,349.81","10,724,729","669,781,989","12,100.36","346,633,323","27,872,252.40"
